,data,31001000000,31002000000,31003000000,31004000000,31005000000,31006000000,31009000000
2019-06-01,145.0,0.0,0.0,0.0,0.0,0.0,0.0,0.0
2019-06-02,80.0,0.0,0.0,0.0,0.0,0.0,0.0,0.0
2019-06-03,1880.0,0.0,0.0,0.0,0.0,0.0,0.0,0.0
2019-06-04,1480.0,0.0,0.0,0.0,0.0,0.0,0.0,0.0
2019-06-05,1288.0,0.0,0.0,0.0,0.0,0.0,0.0,0.0
2019-06-06,1368.0,0.0,0.0,0.0,0.0,0.0,0.0,0.0
2019-06-07,1170.0,0.0,0.0,0.0,0.0,0.0,0.0,0.0
2019-06-08,121.0,0.0,0.0,0.0,0.0,0.0,0.0,0.0
2019-06-09,96.0,0.0,0.0,0.0,0.0,0.0,0.0,0.0
2019-06-10,1494.0,0.0,0.0,0.0,0.0,0.0,0.0,0.0
2019-06-11,1249.0,0.0,0.0,0.0,0.0,0.0,0.0,0.0
2019-06-12,1123.0,0.0,0.0,0.0,0.0,0.0,0.0,0.0
2019-06-13,1003.0,0.0,0.0,0.0,0.0,0.0,0.0,0.0
2019-06-14,987.0,0.0,0.0,0.0,0.0,0.0,0.0,0.0
2019-06-15,92.0,0.0,0.0,0.0,0.0,0.0,0.0,0.0
2019-06-16,74.0,0.0,0.0,0.0,0.0,0.0,0.0,0.0
2019-06-17,1348.0,0.0,0.0,0.0,0.0,0.0,0.0,0.0
2019-06-18,1162.0,0.0,0.0,0.0,0.0,0.0,0.0,0.0
2019-06-19,949.0,0.0,0.0,0.0,0.0,0.0,0.0,0.0
2019-06-20,77.0,0.0,0.0,0.0,0.0,0.0,0.0,0.0
2019-06-21,847.0,0.0,0.0,0.0,0.0,0.0,0.0,0.0
2019-06-22,106.0,0.0,0.0,0.0,0.0,0.0,0.0,0.0
2019-06-23,60.0,0.0,0.0,0.0,0.0,0.0,0.0,0.0
2019-06-24,1381.0,0.0,0.0,0.0,0.0,0.0,0.0,0.0
2019-06-25,1207.0,0.0,0.0,0.0,0.0,0.0,0.0,0.0
2019-06-26,1159.0,0.0,0.0,0.0,0.0,0.0,0.0,0.0
2019-06-27,1235.0,0.0,0.0,0.0,0.0,0.0,0.0,0.0
2019-06-28,1190.0,0.0,0.0,0.0,0.0,0.0,0.0,0.0
2019-06-29,124.0,0.0,0.0,0.0,0.0,0.0,0.0,0.0
2019-06-30,90.0,0.0,0.0,0.0,0.0,0.0,0.0,0.0
2019-07-01,1930.0,0.0,0.0,0.0,0.0,0.0,0.0,0.0
2019-07-02,1574.0,0.0,0.0,0.0,0.0,0.0,0.0,0.0
2019-07-03,1406.0,0.0,0.0,0.0,0.0,0.0,0.0,0.0
2019-07-04,1303.0,0.0,0.0,0.0,0.0,0.0,0.0,0.0
2019-07-05,1206.0,0.0,0.0,0.0,0.0,0.0,0.0,0.0
2019-07-06,116.0,0.0,0.0,0.0,0.0,0.0,0.0,0.0
2019-07-07,108.0,0.0,0.0,0.0,0.0,0.0,0.0,0.0
2019-07-08,1505.0,0.0,0.0,0.0,0.0,0.0,0.0,0.0
2019-07-09,1295.0,0.0,0.0,0.0,0.0,0.0,0.0,0.0
2019-07-10,1223.0,0.0,0.0,0.0,0.0,0.0,0.0,0.0
2019-07-11,1033.0,0.0,0.0,0.0,0.0,0.0,0.0,0.0
2019-07-12,988.0,0.0,0.0,0.0,0.0,0.0,0.0,0.0
2019-07-13,97.0,0.0,0.0,0.0,0.0,0.0,0.0,0.0
2019-07-14,88.0,0.0,0.0,0.0,0.0,0.0,0.0,0.0
2019-07-15,1253.0,0.0,0.0,0.0,0.0,0.0,0.0,0.0
2019-07-16,1146.0,0.0,0.0,0.0,0.0,0.0,0.0,0.0
2019-07-17,986.0,0.0,0.0,0.0,0.0,0.0,0.0,0.0
2019-07-18,1001.0,0.0,0.0,0.0,0.0,0.0,0.0,0.0
2019-07-19,988.0,0.0,0.0,0.0,0.0,0.0,0.0,0.0
2019-07-20,93.0,0.0,0.0,0.0,0.0,0.0,0.0,0.0
2019-07-21,52.0,0.0,0.0,0.0,0.0,0.0,0.0,0.0
2019-07-22,1209.0,0.0,0.0,0.0,0.0,0.0,0.0,0.0
2019-07-23,1107.0,0.0,0.0,0.0,0.0,0.0,0.0,0.0
2019-07-24,973.0,0.0,0.0,0.0,0.0,0.0,0.0,0.0
2019-07-25,973.0,0.0,0.0,0.0,0.0,0.0,0.0,0.0
2019-07-26,913.0,0.0,0.0,0.0,0.0,0.0,0.0,0.0
2019-07-27,93.0,0.0,0.0,0.0,0.0,0.0,0.0,0.0
2019-07-28,66.0,0.0,0.0,0.0,0.0,0.0,0.0,0.0
2019-07-29,1266.0,0.0,0.0,0.0,0.0,0.0,0.0,0.0
2019-07-30,1195.0,0.0,0.0,0.0,0.0,0.0,0.0,0.0
2019-07-31,1203.0,0.0,0.0,0.0,0.0,0.0,0.0,0.0
2019-08-01,1479.0,0.0,0.0,0.0,0.0,0.0,0.0,0.0
2019-08-02,1294.0,0.0,0.0,0.0,0.0,0.0,0.0,0.0
2019-08-03,126.0,0.0,0.0,0.0,0.0,0.0,0.0,0.0
2019-08-04,92.0,0.0,0.0,0.0,0.0,0.0,0.0,0.0
2019-08-05,1542.0,0.0,0.0,0.0,0.0,0.0,0.0,0.0
2019-08-06,1145.0,0.0,0.0,0.0,0.0,0.0,0.0,0.0
2019-08-07,1333.0,0.0,0.0,0.0,0.0,0.0,0.0,0.0
2019-08-08,1277.0,0.0,0.0,0.0,0.0,0.0,0.0,0.0
2019-08-09,1071.0,0.0,0.0,0.0,0.0,0.0,0.0,0.0
2019-08-10,112.0,0.0,0.0,0.0,0.0,0.0,0.0,0.0
2019-08-11,95.0,0.0,0.0,0.0,0.0,0.0,0.0,0.0
2019-08-12,1349.0,0.0,0.0,0.0,0.0,0.0,0.0,0.0
2019-08-13,1244.0,0.0,0.0,0.0,0.0,0.0,0.0,0.0
2019-08-14,1143.0,0.0,0.0,0.0,0.0,0.0,0.0,0.0
2019-08-15,74.0,0.0,0.0,0.0,0.0,0.0,0.0,0.0
2019-08-16,858.0,0.0,0.0,0.0,0.0,0.0,0.0,0.0
2019-08-17,110.0,0.0,0.0,0.0,0.0,0.0,0.0,0.0
2019-08-18,69.0,0.0,0.0,0.0,0.0,0.0,0.0,0.0
2019-08-19,1409.0,0.0,0.0,0.0,0.0,0.0,0.0,0.0
2019-08-20,1258.0,0.0,0.0,0.0,0.0,0.0,0.0,0.0
2019-08-21,1164.0,0.0,0.0,0.0,0.0,0.0,0.0,0.0
2019-08-22,1116.0,0.0,0.0,0.0,0.0,0.0,0.0,0.0
2019-08-23,1046.0,0.0,0.0,0.0,0.0,0.0,0.0,0.0
2019-08-24,29.0,0.0,0.0,0.0,0.0,0.0,0.0,0.0
2019-08-25,121.0,0.0,0.0,0.0,0.0,0.0,0.0,0.0
2019-08-26,1419.0,0.0,0.0,0.0,0.0,0.0,0.0,0.0
2019-08-27,1511.0,0.0,0.0,0.0,0.0,0.0,0.0,0.0
2019-08-28,1615.0,0.0,0.0,0.0,0.0,0.0,0.0,0.0
2019-08-29,1782.0,0.0,0.0,0.0,0.0,0.0,0.0,0.0
2019-08-30,2288.0,0.0,0.0,0.0,0.0,0.0,0.0,0.0
2019-08-31,226.0,0.0,0.0,0.0,0.0,0.0,0.0,0.0
2019-09-01,246.0,0.0,0.0,0.0,0.0,0.0,0.0,0.0
2019-09-02,3092.0,0.0,0.0,0.0,0.0,0.0,0.0,0.0
2019-09-03,3018.0,0.0,0.0,0.0,0.0,0.0,0.0,0.0
2019-09-04,3041.0,0.0,0.0,0.0,0.0,0.0,0.0,0.0
2019-09-05,2800.0,0.0,0.0,0.0,0.0,0.0,0.0,0.0
2019-09-06,2549.0,0.0,0.0,0.0,0.0,0.0,0.0,0.0
2019-09-07,194.0,0.0,0.0,0.0,0.0,0.0,0.0,0.0
2019-09-08,227.0,0.0,0.0,0.0,0.0,0.0,0.0,0.0
2019-09-09,2909.0,0.0,0.0,0.0,0.0,0.0,0.0,0.0
2019-09-10,2455.0,0.0,0.0,0.0,0.0,0.0,0.0,0.0
2019-09-11,2457.0,0.0,0.0,0.0,0.0,0.0,0.0,0.0
2019-09-12,2203.0,0.0,0.0,0.0,0.0,0.0,0.0,0.0
2019-09-13,1976.0,0.0,0.0,0.0,0.0,0.0,0.0,0.0
2019-09-14,134.0,0.0,0.0,0.0,0.0,0.0,0.0,0.0
2019-09-15,163.0,0.0,0.0,0.0,0.0,0.0,0.0,0.0
2019-09-16,2337.0,0.0,0.0,0.0,0.0,0.0,0.0,0.0
2019-09-17,2080.0,0.0,0.0,0.0,0.0,0.0,0.0,0.0
2019-09-18,1928.0,0.0,0.0,0.0,0.0,0.0,0.0,0.0
2019-09-19,1732.0,0.0,0.0,0.0,0.0,0.0,0.0,0.0
2019-09-20,1654.0,0.0,0.0,0.0,0.0,0.0,0.0,0.0
2019-09-21,141.0,0.0,0.0,0.0,0.0,0.0,0.0,0.0
2019-09-22,110.0,0.0,0.0,0.0,0.0,0.0,0.0,0.0
2019-09-23,2051.0,0.0,0.0,0.0,0.0,0.0,0.0,0.0
2019-09-24,1887.0,0.0,0.0,0.0,0.0,0.0,0.0,0.0
2019-09-25,1839.0,0.0,0.0,0.0,0.0,0.0,0.0,0.0
2019-09-26,1884.0,0.0,0.0,0.0,0.0,0.0,0.0,0.0
2019-09-27,1668.0,0.0,0.0,0.0,0.0,0.0,0.0,0.0
2019-09-28,139.0,0.0,0.0,0.0,0.0,0.0,0.0,0.0
2019-09-29,159.0,0.0,0.0,0.0,0.0,0.0,0.0,0.0
2019-09-30,2586.0,0.0,0.0,0.0,0.0,0.0,0.0,0.0
2019-10-01,2591.0,0.0,0.0,0.0,0.0,0.0,0.0,0.0
2019-10-02,2134.0,0.0,0.0,0.0,0.0,0.0,0.0,0.0
2019-10-03,2007.0,0.0,0.0,0.0,0.0,0.0,0.0,0.0
2019-10-04,1827.0,0.0,0.0,0.0,0.0,0.0,0.0,0.0
2019-10-05,145.0,0.0,0.0,0.0,0.0,0.0,0.0,0.0
2019-10-06,178.0,0.0,0.0,0.0,0.0,0.0,0.0,0.0
2019-10-07,2344.0,0.0,0.0,0.0,0.0,0.0,0.0,0.0
2019-10-08,2051.0,0.0,0.0,0.0,0.0,0.0,0.0,0.0
2019-10-09,1884.0,0.0,0.0,0.0,0.0,0.0,0.0,0.0
2019-10-10,1892.0,0.0,0.0,0.0,0.0,0.0,0.0,0.0
2019-10-11,1578.0,0.0,0.0,0.0,0.0,0.0,0.0,0.0
2019-10-12,130.0,0.0,0.0,0.0,0.0,0.0,0.0,0.0
2019-10-13,102.0,0.0,0.0,0.0,0.0,0.0,0.0,0.0
2019-10-14,806.0,0.0,0.0,0.0,0.0,0.0,0.0,0.0
2019-10-15,2477.0,0.0,0.0,0.0,0.0,0.0,0.0,0.0
2019-10-16,1900.0,0.0,0.0,0.0,0.0,0.0,0.0,0.0
2019-10-17,1770.0,0.0,0.0,0.0,0.0,0.0,0.0,0.0
2019-10-18,1565.0,0.0,0.0,0.0,0.0,0.0,0.0,0.0
2019-10-19,137.0,0.0,0.0,0.0,0.0,0.0,0.0,0.0
2019-10-20,140.0,0.0,0.0,0.0,0.0,0.0,0.0,0.0
2019-10-21,1917.0,0.0,0.0,0.0,0.0,0.0,0.0,0.0
2019-10-22,1864.0,0.0,0.0,0.0,0.0,0.0,0.0,0.0
2019-10-23,1781.0,0.0,0.0,0.0,0.0,0.0,0.0,0.0
2019-10-24,1741.0,0.0,0.0,0.0,0.0,0.0,0.0,0.0
2019-10-25,1675.0,0.0,0.0,0.0,0.0,0.0,0.0,0.0
2019-10-26,119.0,0.0,0.0,0.0,0.0,0.0,0.0,0.0
2019-10-27,157.0,0.0,0.0,0.0,0.0,0.0,0.0,0.0
2019-10-28,2271.0,0.0,0.0,0.0,0.0,0.0,0.0,0.0
2019-10-29,2239.0,0.0,0.0,0.0,0.0,0.0,0.0,0.0
2019-10-30,2468.0,0.0,0.0,0.0,0.0,0.0,0.0,0.0
2019-10-31,2479.0,0.0,0.0,0.0,0.0,0.0,0.0,0.0
2019-11-01,148.0,0.0,0.0,0.0,0.0,0.0,0.0,0.0
2019-11-02,128.0,0.0,0.0,0.0,0.0,0.0,0.0,0.0
2019-11-03,237.0,0.0,0.0,0.0,0.0,0.0,0.0,0.0
2019-11-04,2592.0,0.0,0.0,0.0,0.0,0.0,0.0,0.0
2019-11-05,2598.0,0.0,0.0,0.0,0.0,0.0,0.0,0.0
2019-11-06,2623.0,0.0,0.0,0.0,0.0,0.0,0.0,0.0
2019-11-07,2383.0,0.0,0.0,0.0,0.0,0.0,0.0,0.0
2019-11-08,2224.0,0.0,0.0,0.0,0.0,0.0,0.0,0.0
2019-11-09,147.0,0.0,0.0,0.0,0.0,0.0,0.0,0.0
2019-11-10,95.0,0.0,0.0,0.0,0.0,0.0,0.0,0.0
2019-11-11,182.0,0.0,0.0,0.0,0.0,0.0,0.0,0.0
2019-11-12,2322.0,0.0,0.0,0.0,0.0,0.0,0.0,0.0
2019-11-13,2209.0,0.0,0.0,0.0,0.0,0.0,0.0,0.0
2019-11-14,2108.0,0.0,0.0,0.0,0.0,0.0,0.0,0.0
2019-11-15,1907.0,0.0,0.0,0.0,0.0,0.0,0.0,0.0
2019-11-16,163.0,0.0,0.0,0.0,0.0,0.0,0.0,0.0
2019-11-17,173.0,0.0,0.0,0.0,0.0,0.0,0.0,0.0
2019-11-18,1965.0,0.0,0.0,0.0,0.0,0.0,0.0,0.0
2019-11-19,1955.0,0.0,0.0,0.0,0.0,0.0,0.0,0.0
2019-11-20,1901.0,0.0,0.0,0.0,0.0,0.0,0.0,0.0
2019-11-21,1712.0,0.0,0.0,0.0,0.0,0.0,0.0,0.0
2019-11-22,1504.0,0.0,0.0,0.0,0.0,0.0,0.0,0.0
2019-11-23,96.0,0.0,0.0,0.0,0.0,0.0,0.0,0.0
2019-11-24,45.0,0.0,0.0,0.0,0.0,0.0,0.0,0.0
2019-11-25,2015.0,0.0,0.0,0.0,0.0,0.0,0.0,0.0
2019-11-26,2066.0,0.0,0.0,0.0,0.0,0.0,0.0,0.0
2019-11-27,2026.0,0.0,0.0,0.0,0.0,0.0,0.0,0.0
2019-11-28,1895.0,0.0,0.0,0.0,0.0,0.0,0.0,0.0
2019-11-29,1864.0,0.0,0.0,0.0,0.0,0.0,0.0,0.0
2019-11-30,166.0,0.0,0.0,0.0,0.0,0.0,0.0,0.0
2019-12-01,251.0,0.0,0.0,0.0,0.0,0.0,0.0,0.0
2019-12-02,2522.0,0.0,0.0,0.0,0.0,0.0,0.0,0.0
2019-12-03,2314.0,0.0,0.0,0.0,0.0,0.0,0.0,0.0
2019-12-04,2236.0,0.0,0.0,0.0,0.0,0.0,0.0,0.0
2019-12-05,2182.0,0.0,0.0,0.0,0.0,0.0,0.0,0.0
2019-12-06,1910.0,0.0,0.0,0.0,0.0,0.0,0.0,0.0
2019-12-07,214.0,0.0,0.0,0.0,0.0,0.0,0.0,0.0
2019-12-08,197.0,0.0,0.0,0.0,0.0,0.0,0.0,0.0
2019-12-09,2468.0,0.0,0.0,0.0,0.0,0.0,0.0,0.0
2019-12-10,2517.0,0.0,0.0,0.0,0.0,0.0,0.0,0.0
2019-12-11,2399.0,0.0,0.0,0.0,0.0,0.0,0.0,0.0
2019-12-12,2384.0,0.0,0.0,0.0,0.0,0.0,0.0,0.0
2019-12-13,2169.0,0.0,0.0,0.0,0.0,0.0,0.0,0.0
2019-12-14,222.0,0.0,0.0,0.0,0.0,0.0,0.0,0.0
2019-12-15,216.0,0.0,0.0,0.0,0.0,0.0,0.0,0.0
2019-12-16,2858.0,0.0,0.0,0.0,0.0,0.0,0.0,0.0
2019-12-17,2742.0,0.0,0.0,0.0,0.0,0.0,0.0,0.0
2019-12-18,2786.0,0.0,0.0,0.0,0.0,0.0,0.0,0.0
2019-12-19,2915.0,0.0,0.0,0.0,0.0,0.0,0.0,0.0
2019-12-20,2860.0,0.0,0.0,0.0,0.0,0.0,0.0,0.0
2019-12-21,186.0,0.0,0.0,0.0,0.0,0.0,0.0,0.0
2019-12-22,195.0,0.0,0.0,0.0,0.0,0.0,0.0,0.0
2019-12-23,2935.0,0.0,0.0,0.0,0.0,0.0,0.0,0.0
2019-12-24,401.0,0.0,0.0,0.0,0.0,0.0,0.0,0.0
2019-12-25,83.0,0.0,0.0,0.0,0.0,0.0,0.0,0.0
2019-12-26,168.0,0.0,0.0,0.0,0.0,0.0,0.0,0.0
2019-12-27,2935.0,0.0,0.0,0.0,0.0,0.0,0.0,0.0
2019-12-28,344.0,0.0,0.0,0.0,0.0,0.0,0.0,0.0
2019-12-29,384.0,0.0,0.0,0.0,0.0,0.0,0.0,0.0
2019-12-30,6384.0,0.0,0.0,0.0,0.0,0.0,0.0,0.0
2019-12-31,4068.0,0.0,0.0,0.0,0.0,0.0,0.0,0.0
2020-01-01,462.0,0.0,0.0,0.0,0.0,0.0,0.0,0.0
2020-01-02,4674.0,0.0,0.0,0.0,0.0,0.0,0.0,0.0
2020-01-03,4625.0,0.0,0.0,0.0,0.0,0.0,0.0,0.0
2020-01-04,337.0,0.0,0.0,0.0,0.0,0.0,0.0,0.0
2020-01-05,255.0,0.0,0.0,0.0,0.0,0.0,0.0,0.0
2020-01-06,458.0,0.0,0.0,0.0,0.0,0.0,0.0,0.0
2020-01-07,4916.0,0.0,0.0,0.0,0.0,0.0,0.0,0.0
2020-01-08,4735.0,0.0,0.0,0.0,0.0,0.0,0.0,0.0
2020-01-09,4269.0,0.0,0.0,0.0,0.0,0.0,0.0,0.0
2020-01-10,3854.0,0.0,0.0,0.0,0.0,0.0,0.0,0.0
2020-01-11,252.0,0.0,0.0,0.0,0.0,0.0,0.0,0.0
2020-01-12,354.0,0.0,0.0,0.0,0.0,0.0,0.0,0.0
2020-01-13,4152.0,0.0,0.0,0.0,0.0,0.0,0.0,0.0
2020-01-14,3889.0,0.0,0.0,0.0,0.0,0.0,0.0,0.0
2020-01-15,3744.0,0.0,0.0,0.0,0.0,0.0,0.0,0.0
2020-01-16,3571.0,0.0,0.0,0.0,0.0,0.0,0.0,0.0
2020-01-17,3545.0,0.0,0.0,0.0,0.0,0.0,0.0,0.0
2020-01-18,239.0,0.0,0.0,0.0,0.0,0.0,0.0,0.0
2020-01-19,382.0,0.0,0.0,0.0,0.0,0.0,0.0,0.0
2020-01-20,4584.0,0.0,0.0,0.0,0.0,0.0,0.0,0.0
2020-01-21,2644.0,0.0,0.0,0.0,0.0,0.0,0.0,0.0
2020-01-22,2313.0,0.0,0.0,0.0,0.0,0.0,0.0,0.0
2020-01-23,2142.0,0.0,0.0,0.0,0.0,0.0,0.0,0.0
2020-01-24,2021.0,0.0,0.0,0.0,0.0,0.0,0.0,0.0
2020-01-25,173.0,0.0,0.0,0.0,0.0,0.0,0.0,0.0
2020-01-26,199.0,0.0,0.0,0.0,0.0,0.0,0.0,0.0
2020-01-27,2471.0,0.0,0.0,0.0,0.0,0.0,0.0,0.0
2020-01-28,2278.0,0.0,0.0,0.0,0.0,0.0,0.0,0.0
2020-01-29,2353.0,0.0,0.0,0.0,0.0,0.0,0.0,0.0
2020-01-30,2297.0,0.0,0.0,0.0,0.0,0.0,0.0,0.0
2020-01-31,2304.0,0.0,0.0,0.0,0.0,0.0,0.0,0.0
2020-02-01,219.0,0.0,0.0,0.0,0.0,0.0,0.0,0.0
2020-02-02,272.0,0.0,0.0,0.0,0.0,0.0,0.0,0.0
2020-02-03,2869.0,0.0,0.0,0.0,0.0,0.0,0.0,0.0
2020-02-04,2556.0,0.0,0.0,0.0,0.0,0.0,0.0,0.0
2020-02-05,2213.0,0.0,0.0,0.0,0.0,0.0,0.0,0.0
2020-02-06,2439.0,0.0,0.0,0.0,0.0,0.0,0.0,0.0
2020-02-07,2083.0,0.0,0.0,0.0,0.0,0.0,0.0,0.0
2020-02-08,159.0,0.0,0.0,0.0,0.0,0.0,0.0,0.0
2020-02-09,231.0,0.0,0.0,0.0,0.0,0.0,0.0,0.0
2020-02-10,2357.0,0.0,0.0,0.0,0.0,0.0,0.0,0.0
2020-02-11,2101.0,0.0,0.0,0.0,0.0,0.0,0.0,0.0
2020-02-12,2031.0,0.0,0.0,0.0,0.0,0.0,0.0,0.0
2020-02-13,2023.0,0.0,0.0,0.0,0.0,0.0,0.0,0.0
2020-02-14,1784.0,0.0,0.0,0.0,0.0,0.0,0.0,0.0
2020-02-15,140.0,0.0,0.0,0.0,0.0,0.0,0.0,0.0
2020-02-16,232.0,0.0,0.0,0.0,0.0,0.0,0.0,0.0
2020-02-17,2435.0,0.0,0.0,0.0,0.0,0.0,0.0,0.0
2020-02-18,2393.0,0.0,0.0,0.0,0.0,0.0,0.0,0.0
2020-02-19,2569.0,0.0,0.0,0.0,0.0,0.0,0.0,0.0
2020-02-20,2610.0,0.0,0.0,0.0,0.0,0.0,0.0,0.0
2020-02-21,1456.0,0.0,0.0,0.0,0.0,0.0,0.0,0.0
2020-02-22,120.0,0.0,0.0,0.0,0.0,0.0,0.0,0.0
2020-02-23,133.0,0.0,0.0,0.0,0.0,0.0,0.0,0.0
2020-02-24,1682.0,0.0,0.0,0.0,0.0,0.0,0.0,0.0
2020-02-25,1653.0,0.0,0.0,0.0,0.0,0.0,0.0,0.0
2020-02-26,1684.0,0.0,0.0,0.0,0.0,0.0,0.0,0.0
2020-02-27,1641.0,0.0,0.0,0.0,0.0,0.0,0.0,0.0
2020-02-28,2338.0,0.0,0.0,0.0,0.0,0.0,0.0,0.0
2020-02-29,174.0,0.0,0.0,0.0,0.0,0.0,0.0,0.0
2020-03-01,251.0,0.0,0.0,0.0,0.0,0.0,0.0,0.0
2020-03-02,2229.0,0.0,0.0,0.0,0.0,0.0,0.0,0.0
2020-03-03,1955.0,0.0,0.0,0.0,0.0,0.0,0.0,0.0
2020-03-04,1798.0,0.0,0.0,0.0,0.0,0.0,0.0,0.0
2020-03-05,1662.0,0.0,0.0,0.0,0.0,0.0,0.0,0.0
2020-03-06,1593.0,0.0,0.0,0.0,0.0,0.0,0.0,0.0
2020-03-07,133.0,0.0,0.0,0.0,0.0,0.0,0.0,0.0
2020-03-08,139.0,0.0,0.0,0.0,0.0,0.0,0.0,0.0
2020-03-09,1815.0,0.0,0.0,0.0,0.0,0.0,0.0,0.0
2020-03-10,1553.0,0.0,0.0,2.0,0.0,0.0,0.0,0.0
2020-03-11,1460.0,0.0,0.0,2.0,0.0,0.0,0.0,0.0
2020-03-12,1204.0,3.0,0.0,2.0,0.0,0.0,0.0,0.0
2020-03-13,1003.0,3.0,0.0,2.0,0.0,0.0,0.0,0.0
2020-03-14,150.0,3.0,2.0,2.0,0.0,0.0,0.0,0.0
2020-03-15,150.0,3.0,2.0,2.0,0.0,0.0,0.0,0.0
2020-03-16,761.0,3.0,2.0,2.0,0.0,0.0,0.0,0.0
2020-03-17,635.0,3.0,2.0,2.0,0.0,0.0,0.0,0.0
2020-03-18,630.0,3.0,2.0,2.0,0.0,0.0,0.0,0.0
2020-03-19,589.0,3.0,2.0,2.0,0.0,0.0,0.0,0.0
2020-03-20,624.0,3.0,2.0,2.0,0.0,0.0,0.0,0.0
2020-03-21,138.0,3.0,2.0,2.0,0.0,0.0,0.0,0.0
2020-03-22,128.0,3.0,2.0,2.0,0.0,0.0,0.0,0.0
2020-03-23,749.0,3.0,2.0,2.0,0.0,0.0,0.0,0.0
2020-03-24,687.0,3.0,2.0,2.0,0.0,0.0,0.0,0.0
2020-03-25,676.0,3.0,2.0,2.0,0.0,0.0,0.0,0.0
2020-03-26,638.0,3.0,2.0,2.0,0.0,0.0,0.0,0.0
2020-03-27,622.0,3.0,2.0,2.0,0.0,0.0,0.0,0.0
2020-03-28,133.0,3.0,2.0,2.0,0.0,0.0,0.0,0.0
2020-03-29,171.0,3.0,2.0,2.0,0.0,0.0,0.0,0.0
2020-03-30,890.0,3.0,2.0,2.0,0.0,0.0,0.0,0.0
2020-03-31,1032.0,3.0,2.0,2.0,4.0,0.0,2.0,0.0
2020-04-01,1218.0,3.0,2.0,2.0,4.0,0.0,2.0,0.0
2020-04-02,1028.0,3.0,2.0,2.0,4.0,0.0,2.0,0.0
2020-04-03,913.0,3.0,2.0,2.0,4.0,0.0,2.0,0.0
2020-04-04,222.0,3.0,2.0,2.0,4.0,0.0,2.0,0.0
2020-04-05,233.0,3.0,2.0,2.0,4.0,0.0,2.0,0.0
2020-04-06,1002.0,3.0,2.0,2.0,4.0,0.0,2.0,0.0
2020-04-07,945.0,3.0,2.0,2.0,4.0,0.0,2.0,0.0
2020-04-08,968.0,3.0,2.0,2.0,4.0,0.0,2.0,0.0
2020-04-09,735.0,3.0,2.0,2.0,4.0,1.0,1.0,0.0
2020-04-10,563.0,3.0,2.0,2.0,4.0,1.0,1.0,0.0
2020-04-11,107.0,3.0,2.0,2.0,4.0,1.0,1.0,0.0
2020-04-12,39.0,3.0,2.0,2.0,4.0,1.0,1.0,0.0
2020-04-13,137.0,3.0,2.0,2.0,4.0,1.0,1.0,0.0
2020-04-14,828.0,3.0,2.0,2.0,4.0,1.0,1.0,0.0
2020-04-15,860.0,3.0,2.0,2.0,4.0,1.0,1.0,0.0
2020-04-16,914.0,3.0,2.0,2.0,4.0,1.0,1.0,3.0
2020-04-17,771.0,3.0,2.0,2.0,4.0,1.0,1.0,3.0
2020-04-18,203.0,3.0,2.0,2.0,4.0,1.0,1.0,3.0
2020-04-19,246.0,3.0,2.0,2.0,4.0,1.0,1.0,3.0
2020-04-20,1095.0,3.0,2.0,2.0,4.0,1.0,1.0,3.0
2020-04-21,1017.0,3.0,2.0,2.0,4.0,1.0,1.0,3.0
2020-04-22,1158.0,3.0,2.0,2.0,4.0,1.0,1.0,3.0
2020-04-23,1119.0,3.0,2.0,2.0,4.0,1.0,1.0,3.0
2020-04-24,1052.0,3.0,2.0,2.0,4.0,1.0,1.0,3.0
2020-04-25,251.0,3.0,2.0,2.0,4.0,1.0,1.0,3.0
2020-04-26,243.0,3.0,2.0,2.0,4.0,1.0,1.0,3.0
2020-04-27,1386.0,3.0,2.0,2.0,4.0,1.0,1.0,3.0
2020-04-28,1246.0,3.0,2.0,2.0,4.0,1.0,1.0,3.0
2020-04-29,1378.0,3.0,2.0,2.0,4.0,1.0,1.0,3.0
2020-04-30,1364.0,3.0,2.0,2.0,4.0,1.0,1.0,3.0
2020-05-01,306.0,3.0,2.0,2.0,4.0,1.0,1.0,3.0
2020-05-02,197.0,3.0,2.0,2.0,4.0,1.0,1.0,3.0
2020-05-03,278.0,3.0,2.0,2.0,4.0,1.0,1.0,3.0
2020-05-04,1709.0,3.0,2.0,2.0,4.0,1.0,1.0,3.0
2020-05-05,1659.0,3.0,2.0,2.0,4.0,1.0,1.0,3.0
2020-05-06,1582.0,3.0,2.0,2.0,4.0,1.0,1.0,3.0
2020-05-07,1622.0,3.0,2.0,2.0,4.0,1.0,1.0,3.0
2020-05-08,1301.0,3.0,2.0,2.0,4.0,1.0,1.0,3.0
2020-05-09,171.0,3.0,2.0,2.0,4.0,1.0,1.0,3.0
2020-05-10,243.0,3.0,2.0,2.0,4.0,1.0,1.0,3.0
2020-05-11,1588.0,3.0,2.0,2.0,4.0,1.0,1.0,3.0
2020-05-12,1615.0,3.0,2.0,2.0,4.0,1.0,1.0,3.0
2020-05-13,1616.0,3.0,2.0,2.0,4.0,1.0,1.0,3.0
2020-05-14,1393.0,3.0,2.0,2.0,4.0,1.0,1.0,3.0
2020-05-15,1380.0,3.0,2.0,2.0,4.0,1.0,1.0,3.0
2020-05-16,193.0,3.0,2.0,2.0,4.0,1.0,1.0,3.0
2020-05-17,318.0,3.0,2.0,2.0,4.0,1.0,1.0,3.0
2020-05-18,1553.0,3.0,2.0,2.0,4.0,1.0,1.0,3.0
2020-05-19,1444.0,3.0,2.0,2.0,4.0,1.0,1.0,3.0
2020-05-20,1359.0,3.0,2.0,2.0,4.0,1.0,1.0,3.0
2020-05-21,1248.0,3.0,2.0,2.0,4.0,1.0,1.0,3.0
2020-05-22,1135.0,3.0,2.0,2.0,4.0,1.0,1.0,3.0
2020-05-23,187.0,3.0,2.0,2.0,4.0,1.0,1.0,3.0
2020-05-24,233.0,3.0,2.0,2.0,4.0,1.0,1.0,3.0
2020-05-25,1499.0,2.0,2.0,2.0,4.0,1.0,1.0,3.0
2020-05-26,1472.0,2.0,2.0,2.0,4.0,1.0,1.0,3.0
2020-05-27,1411.0,2.0,2.0,2.0,4.0,1.0,1.0,3.0
2020-05-28,1412.0,2.0,2.0,2.0,4.0,1.0,1.0,3.0
2020-05-29,1340.0,2.0,2.0,2.0,4.0,1.0,1.0,3.0
2020-05-30,190.0,2.0,2.0,1.0,2.0,1.0,0.0,2.0
2020-05-31,289.0,2.0,2.0,1.0,2.0,1.0,0.0,2.0
2020-06-01,2036.0,2.0,2.0,1.0,2.0,1.0,0.0,2.0
2020-06-02,1843.0,2.0,2.0,1.0,2.0,1.0,0.0,2.0
2020-06-03,1660.0,2.0,2.0,1.0,2.0,1.0,0.0,2.0
2020-06-04,1838.0,2.0,2.0,1.0,2.0,1.0,0.0,2.0
2020-06-05,1508.0,2.0,2.0,1.0,2.0,1.0,0.0,2.0
2020-06-06,174.0,2.0,2.0,1.0,2.0,1.0,0.0,2.0
2020-06-07,254.0,2.0,2.0,1.0,2.0,1.0,0.0,2.0
2020-06-08,1793.0,2.0,2.0,1.0,2.0,1.0,0.0,2.0
2020-06-09,1737.0,2.0,2.0,1.0,2.0,1.0,0.0,2.0
2020-06-10,1483.0,2.0,2.0,1.0,2.0,1.0,0.0,2.0
2020-06-11,169.0,2.0,2.0,1.0,2.0,1.0,0.0,2.0
2020-06-12,735.0,2.0,2.0,1.0,2.0,1.0,0.0,2.0
2020-06-13,121.0,2.0,2.0,1.0,2.0,1.0,0.0,2.0
2020-06-14,164.0,2.0,2.0,1.0,2.0,1.0,0.0,2.0
2020-06-15,1647.0,2.0,2.0,1.0,2.0,1.0,0.0,2.0
2020-06-16,1459.0,2.0,2.0,1.0,2.0,1.0,0.0,2.0
2020-06-17,1381.0,2.0,2.0,1.0,2.0,1.0,0.0,2.0
2020-06-18,1381.0,2.0,2.0,1.0,2.0,1.0,0.0,2.0
2020-06-19,1212.0,2.0,2.0,1.0,2.0,1.0,0.0,2.0
2020-06-20,186.0,2.0,2.0,1.0,2.0,1.0,0.0,2.0
2020-06-21,193.0,2.0,2.0,1.0,2.0,1.0,0.0,2.0
2020-06-22,1554.0,2.0,2.0,1.0,2.0,1.0,0.0,2.0
2020-06-23,1459.0,2.0,2.0,1.0,2.0,1.0,0.0,2.0
2020-06-24,1376.0,2.0,2.0,1.0,2.0,1.0,0.0,2.0
2020-06-25,1189.0,2.0,2.0,1.0,2.0,1.0,0.0,2.0
2020-06-26,1157.0,2.0,2.0,1.0,2.0,1.0,0.0,2.0
2020-06-27,164.0,2.0,2.0,1.0,2.0,1.0,0.0,2.0
2020-06-28,151.0,2.0,2.0,1.0,2.0,1.0,0.0,2.0
2020-06-29,1514.0,2.0,2.0,1.0,2.0,1.0,0.0,2.0
2020-06-30,1793.0,2.0,2.0,1.0,2.0,1.0,0.0,2.0
2020-07-01,1852.0,2.0,2.0,1.0,2.0,1.0,0.0,2.0
2020-07-02,1748.0,2.0,2.0,1.0,2.0,1.0,0.0,2.0
2020-07-03,1371.0,2.0,2.0,1.0,2.0,1.0,0.0,2.0
2020-07-04,181.0,2.0,2.0,1.0,2.0,1.0,0.0,2.0
2020-07-05,195.0,2.0,2.0,1.0,2.0,1.0,0.0,2.0
2020-07-06,1728.0,2.0,2.0,1.0,2.0,1.0,0.0,2.0
2020-07-07,1663.0,2.0,2.0,1.0,2.0,1.0,0.0,2.0
2020-07-08,1600.0,2.0,2.0,1.0,2.0,1.0,0.0,2.0
2020-07-09,1375.0,2.0,2.0,0.0,2.0,0.0,0.0,2.0
2020-07-10,1247.0,2.0,2.0,0.0,2.0,0.0,0.0,2.0
2020-07-11,161.0,2.0,2.0,0.0,2.0,0.0,0.0,2.0
2020-07-12,181.0,2.0,2.0,0.0,2.0,0.0,0.0,2.0
2020-07-13,1283.0,2.0,2.0,0.0,2.0,0.0,0.0,2.0
2020-07-14,1373.0,2.0,2.0,0.0,2.0,0.0,0.0,2.0
2020-07-15,1256.0,2.0,2.0,0.0,2.0,0.0,0.0,2.0
2020-07-16,1307.0,2.0,2.0,0.0,2.0,0.0,0.0,2.0
2020-07-17,1097.0,2.0,2.0,0.0,2.0,0.0,0.0,2.0
2020-07-18,151.0,2.0,2.0,0.0,2.0,0.0,0.0,2.0
2020-07-19,177.0,2.0,2.0,0.0,2.0,0.0,0.0,2.0
2020-07-20,1412.0,2.0,2.0,0.0,2.0,0.0,0.0,2.0
2020-07-21,1306.0,2.0,2.0,0.0,2.0,0.0,0.0,2.0
2020-07-22,1200.0,2.0,2.0,0.0,2.0,0.0,0.0,2.0
2020-07-23,1143.0,2.0,2.0,0.0,2.0,0.0,0.0,2.0
2020-07-24,1001.0,2.0,2.0,0.0,2.0,0.0,0.0,2.0
2020-07-25,140.0,2.0,2.0,0.0,2.0,0.0,0.0,2.0
2020-07-26,166.0,2.0,2.0,0.0,2.0,0.0,0.0,2.0
2020-07-27,1310.0,2.0,2.0,0.0,2.0,0.0,0.0,2.0
2020-07-28,1290.0,2.0,2.0,0.0,2.0,0.0,0.0,2.0
2020-07-29,1178.0,2.0,2.0,0.0,2.0,0.0,0.0,2.0
2020-07-30,1274.0,2.0,2.0,0.0,2.0,0.0,0.0,2.0
2020-07-31,1199.0,2.0,2.0,0.0,2.0,0.0,0.0,2.0
2020-08-01,231.0,2.0,2.0,0.0,2.0,0.0,0.0,2.0
2020-08-02,193.0,2.0,2.0,0.0,2.0,0.0,0.0,2.0
2020-08-03,1759.0,2.0,2.0,0.0,2.0,0.0,0.0,2.0
2020-08-04,1605.0,2.0,2.0,0.0,2.0,0.0,0.0,2.0
2020-08-05,1502.0,2.0,2.0,0.0,2.0,0.0,0.0,2.0
2020-08-06,1358.0,2.0,2.0,0.0,2.0,0.0,0.0,3.0
2020-08-07,1158.0,2.0,2.0,0.0,2.0,0.0,0.0,3.0
2020-08-08,182.0,2.0,2.0,0.0,2.0,0.0,0.0,3.0
2020-08-09,145.0,2.0,2.0,0.0,2.0,0.0,0.0,3.0
2020-08-10,1512.0,2.0,2.0,0.0,2.0,0.0,0.0,3.0
2020-08-11,1379.0,2.0,2.0,0.0,2.0,0.0,0.0,3.0
2020-08-12,1298.0,2.0,2.0,0.0,2.0,0.0,0.0,3.0
2020-08-13,1170.0,2.0,2.0,0.0,2.0,0.0,0.0,3.0
2020-08-14,874.0,2.0,2.0,0.0,2.0,0.0,0.0,3.0
2020-08-15,118.0,2.0,2.0,0.0,2.0,0.0,0.0,3.0
2020-08-16,147.0,2.0,2.0,0.0,2.0,0.0,0.0,3.0
2020-08-17,1316.0,2.0,2.0,0.0,2.0,0.0,0.0,3.0
2020-08-18,1420.0,2.0,2.0,0.0,2.0,0.0,0.0,3.0
2020-08-19,1203.0,2.0,2.0,0.0,2.0,0.0,0.0,3.0
2020-08-20,1194.0,2.0,2.0,0.0,2.0,0.0,0.0,3.0
2020-08-21,831.0,2.0,2.0,0.0,2.0,0.0,0.0,3.0
2020-08-22,54.0,2.0,2.0,0.0,2.0,0.0,0.0,3.0
2020-08-23,175.0,2.0,2.0,0.0,2.0,0.0,0.0,3.0
2020-08-24,1094.0,2.0,2.0,0.0,2.0,0.0,0.0,3.0
2020-08-25,1201.0,2.0,2.0,0.0,2.0,0.0,0.0,3.0
2020-08-26,1710.0,2.0,2.0,0.0,2.0,0.0,0.0,3.0
2020-08-27,1346.0,2.0,2.0,0.0,2.0,0.0,0.0,3.0
2020-08-28,1117.0,2.0,2.0,0.0,2.0,0.0,0.0,3.0
2020-08-29,172.0,2.0,2.0,0.0,2.0,0.0,0.0,3.0
2020-08-30,175.0,2.0,2.0,0.0,2.0,0.0,0.0,3.0
2020-08-31,1858.0,2.0,2.0,0.0,2.0,0.0,0.0,3.0
2020-09-01,1954.0,2.0,2.0,0.0,2.0,0.0,0.0,3.0
2020-09-02,1812.0,2.0,2.0,0.0,2.0,0.0,0.0,3.0
2020-09-03,1593.0,2.0,2.0,0.0,2.0,0.0,0.0,3.0
2020-09-04,1385.0,2.0,2.0,0.0,2.0,0.0,0.0,3.0
2020-09-05,198.0,2.0,2.0,0.0,2.0,0.0,0.0,3.0
2020-09-06,233.0,2.0,2.0,0.0,2.0,0.0,0.0,3.0
2020-09-07,1632.0,2.0,2.0,0.0,2.0,0.0,0.0,3.0
2020-09-08,1782.0,2.0,2.0,0.0,2.0,0.0,0.0,3.0
2020-09-09,1471.0,2.0,2.0,0.0,2.0,0.0,0.0,3.0
2020-09-10,1352.0,2.0,2.0,0.0,2.0,0.0,0.0,3.0
2020-09-11,1148.0,2.0,2.0,0.0,2.0,0.0,0.0,3.0
2020-09-12,170.0,2.0,2.0,0.0,2.0,0.0,0.0,3.0
2020-09-13,193.0,2.0,2.0,0.0,2.0,0.0,0.0,3.0
2020-09-14,1530.0,2.0,2.0,0.0,2.0,0.0,0.0,3.0
2020-09-15,1429.0,2.0,2.0,0.0,2.0,0.0,0.0,3.0
2020-09-16,1209.0,2.0,2.0,0.0,2.0,0.0,0.0,3.0
2020-09-17,1251.0,2.0,2.0,0.0,2.0,0.0,0.0,3.0
2020-09-18,1111.0,0.0,0.0,0.0,0.0,0.0,0.0,3.0
2020-09-19,162.0,0.0,0.0,0.0,0.0,0.0,0.0,3.0
2020-09-20,193.0,0.0,0.0,0.0,0.0,0.0,0.0,3.0
2020-09-21,1539.0,0.0,0.0,0.0,0.0,0.0,0.0,3.0
2020-09-22,1358.0,0.0,0.0,0.0,0.0,0.0,0.0,3.0
2020-09-23,1377.0,0.0,0.0,0.0,0.0,0.0,0.0,3.0
2020-09-24,1262.0,0.0,0.0,0.0,0.0,0.0,0.0,3.0
2020-09-25,1100.0,0.0,0.0,0.0,0.0,0.0,0.0,3.0
2020-09-26,257.0,0.0,0.0,0.0,0.0,0.0,0.0,3.0
2020-09-27,217.0,0.0,0.0,0.0,0.0,0.0,0.0,3.0
2020-09-28,1613.0,0.0,0.0,0.0,0.0,0.0,0.0,3.0
2020-09-29,1616.0,0.0,0.0,0.0,0.0,0.0,0.0,3.0
2020-09-30,1342.0,0.0,0.0,0.0,0.0,0.0,0.0,3.0
